{
    "K": [
        217.230945, 0.311282196, 328.35342,
        0.0, 289.552122, 239.562957,
        0.0, 0.0, 1.0
    ],
    "D": [
        0.05184647, 0.01756823, -0.02638422, 0.00762106
    ]
}
