{
    "new_K": [
        229.31621231793193,
        0.0,
        367.9511343780843,
        0.0,
        304.65051264407646,
        233.35877566614508,
        0.0,
        0.0,
        1.0
    ],
    "D": [
        -0.00815962,
        0.0052106,
        -0.02964754,
        0.01716702
    ]
}