{
    "K": [
        294.104211, 0.1005012, 317.351129,
        0.0, 390.626759, 244.645859,
        0.0, 0.0, 1.0
    ],
    "D": [
        -0.15439177, 0.45612835, -0.79521684, 0.46727377
    ]
}
