{
    "K": [
        260.945033, -0.208546212, 324.93085,
        0.0, 347.072705, 262.938882,
        0.0, 0.0, 1.0
    ],
    "D": [
        -0.03237013, 0.0271175, -0.01698575, 0.00307905
    ]
}
