{
    "K": [
        262.450733, -0.142390413, 324.028455,
        0.0, 348.556538, 256.079733,
        0.0, 0.0, 1.0
    ],
    "D": [
        -0.01878612, 0.02131176, -0.02093047, 0.00497547
    ]
}
