{
    "new_K": [
        234.07303187568908,
        0.0,
        344.0739016570011,
        0.0,
        312.21148805051064,
        233.55323382700382,
        0.0,
        0.0,
        1.0
    ],
    "D": [
        -0.04503166,
        0.10891616,
        -0.11613856,
        0.03878654
    ]
}