{
    "new_K": [
        200.50142157784651,
        0.0,
        374.66777796300977,
        0.0,
        266.4741712851355,
        231.93763021317253,
        0.0,
        0.0,
        1.0
    ],
    "D": [
        -0.0089475,
        0.13334902,
        -0.17251734,
        0.07784181
    ]
}