{
    "new_K": [
        175.99053914044686,
        0.0,
        391.79460155023907,
        0.0,
        234.58183667175248,
        239.30928073241364,
        0.0,
        0.0,
        1.0
    ],
    "D": [
        0.05184647,
        0.01756823,
        -0.02638422,
        0.00762106
    ]
}