{
    "K": [
        264.62596146, 0.3630858, 325.59829685,
        0.0, 352.96362226, 235.17563954,
        0.0, 0.0, 1.0
    ],
    "D": [
        -0.04503166, 0.10891616, -0.11613856, 0.03878654
    ]
}
