{
    "K": [
        231.808179, 0.0954715798, 341.577012,
        0.0, 308.082067, 233.755295,
        0.0, 0.0, 1.0
    ],
    "D": [
        -0.0089475, 0.13334902, -0.17251734, 0.07784181
    ]
}
