{
    "K": [
        262.28489268, -0.4846368, 331.5969874,
        0.0, 348.44996874, 235.07025217,
        0.0, 0.0, 1.0
    ],
    "D": [
        -0.00815962, 0.0052106, -0.02964754, 0.01716702
    ]
}
